order_id,is_bad_order,baseline_pred
ORD_0006640,0,0
ORD_0005401,0,0
ORD_0005031,0,1
ORD_0001033,1,1
ORD_0005199,0,0
ORD_0005736,0,0
ORD_0007325,1,0
ORD_0002568,0,0
ORD_0001143,0,0
ORD_0003934,1,0
ORD_0002580,0,0
ORD_0003384,0,0
ORD_0005291,1,0
ORD_0007238,0,0
ORD_0006886,1,0
ORD_0004365,0,0
ORD_0009442,1,0
ORD_0009125,0,0
ORD_0002947,0,0
ORD_0006750,0,1
ORD_0001420,0,0
ORD_0000828,1,0
ORD_0008388,1,1
ORD_0005450,0,0
ORD_0002839,1,0
ORD_0005304,0,0
ORD_0002483,0,0
ORD_0005626,1,0
ORD_0005661,0,1
ORD_0006353,0,0
ORD_0004080,0,0
ORD_0001446,1,0
ORD_0005807,0,0
ORD_0009600,0,0
ORD_0002979,1,0
ORD_0006385,0,0
ORD_0007488,0,0
ORD_0007792,1,0
ORD_0000738,0,0
ORD_0008579,0,0
ORD_0003074,0,0
ORD_0007340,0,0
ORD_0005496,0,0
ORD_0008105,0,0
ORD_0000070,0,0
ORD_0006896,1,0
ORD_0001355,1,1
ORD_0004717,1,0
ORD_0005021,1,0
ORD_0000801,0,0
ORD_0002211,1,0
ORD_0000291,1,0
ORD_0000913,1,0
ORD_0006441,0,1
ORD_0008430,0,0
ORD_0000112,0,0
ORD_0008283,0,0
ORD_0006379,0,0
ORD_0004735,0,0
ORD_0003011,0,0
ORD_0004627,1,0
ORD_0000949,0,1
ORD_0004156,0,0
ORD_0001570,0,0
ORD_0001438,0,0
ORD_0002548,0,0
ORD_0003161,0,0
ORD_0003859,0,0
ORD_0002518,1,1
ORD_0006084,1,0
ORD_0007355,1,0
ORD_0008074,0,1
ORD_0006308,1,0
ORD_0000652,0,0
ORD_0003852,0,0
ORD_0008434,1,0
ORD_0007112,0,0
ORD_0003692,0,0
ORD_0008917,0,0
ORD_0000880,1,1
ORD_0005224,0,0
ORD_0008862,0,0
ORD_0006738,0,0
ORD_0002698,1,1
ORD_0008558,0,0
ORD_0008129,1,1
ORD_0009553,0,0
ORD_0000902,0,0
ORD_0003328,0,0
ORD_0000950,0,0
ORD_0004151,0,0
ORD_0007412,0,0
ORD_0002255,0,0
ORD_0001981,0,0
ORD_0008948,1,1
ORD_0001436,0,0
ORD_0001415,0,0
ORD_0000451,0,0
ORD_0008861,1,1
ORD_0009533,0,0
ORD_0008648,1,0
ORD_0008542,1,1
ORD_0002111,1,1
ORD_0003795,0,0
ORD_0009140,1,1
ORD_0000368,0,0
ORD_0000319,1,0
ORD_0006403,0,0
ORD_0009655,0,0
ORD_0004725,0,0
ORD_0004435,1,0
ORD_0003014,1,0
ORD_0008347,0,0
ORD_0004700,0,0
ORD_0005812,0,0
ORD_0009813,1,0
ORD_0005433,0,0
ORD_0004794,1,0
ORD_0000535,1,1
ORD_0005642,0,0
ORD_0006939,0,1
ORD_0002124,0,0
ORD_0001115,0,0
ORD_0005744,0,0
ORD_0003241,0,0
ORD_0002703,0,0
ORD_0004731,0,1
ORD_0007366,0,0
ORD_0007872,1,0
ORD_0009275,0,0
ORD_0005752,1,0
ORD_0008603,0,1
ORD_0001318,0,1
ORD_0002836,0,1
ORD_0004925,0,0
ORD_0009358,0,1
ORD_0007457,0,0
ORD_0006073,0,0
ORD_0002559,0,0
ORD_0008616,1,0
ORD_0002259,0,0
ORD_0004714,0,1
ORD_0007780,1,0
ORD_0008755,1,0
ORD_0008687,0,0
ORD_0002045,1,0
ORD_0003200,0,0
ORD_0007979,0,0
ORD_0001502,0,0
ORD_0006197,0,0
ORD_0004698,0,0
ORD_0009861,0,0
ORD_0000175,1,1
ORD_0006834,1,0
ORD_0009674,1,1
ORD_0007626,0,0
ORD_0003045,0,0
ORD_0003078,0,0
ORD_0005995,1,0
ORD_0009035,0,0
ORD_0009472,0,0
ORD_0003675,1,0
ORD_0004347,0,0
ORD_0000195,0,0
ORD_0009787,0,0
ORD_0000309,0,1
ORD_0006638,0,0
ORD_0005437,0,0
ORD_0002590,1,0
ORD_0006248,0,1
ORD_0002650,0,0
ORD_0006968,0,0
ORD_0005251,0,0
ORD_0008625,0,0
ORD_0004100,0,0
ORD_0006225,0,0
ORD_0005068,0,1
ORD_0008407,0,0
ORD_0004909,0,0
ORD_0001150,0,1
ORD_0001550,1,1
ORD_0004653,0,0
ORD_0009869,1,0
ORD_0005623,0,0
ORD_0002537,0,0
ORD_0009052,1,0
ORD_0009292,0,0
ORD_0007086,1,0
ORD_0006276,0,0
ORD_0000357,0,0
ORD_0008026,0,1
ORD_0006287,0,0
ORD_0006737,0,0
ORD_0001398,0,0
ORD_0009961,0,1
ORD_0003579,1,0
ORD_0000787,0,0
ORD_0003032,0,0
ORD_0004453,0,0
ORD_0002093,1,0
ORD_0009901,1,0
ORD_0004332,0,0
ORD_0006769,0,0
ORD_0003363,0,0
ORD_0008381,0,0
ORD_0008070,1,0
ORD_0006558,1,0
ORD_0006272,0,0
ORD_0005294,0,0
ORD_0001997,0,0
ORD_0006032,1,0
ORD_0001262,0,0
ORD_0004796,0,0
ORD_0004026,0,1
ORD_0007059,0,0
ORD_0000388,0,0
ORD_0002047,1,0
ORD_0004517,1,0
ORD_0001298,0,0
ORD_0007831,1,0
ORD_0005845,0,0
ORD_0004182,0,0
ORD_0002797,0,0
ORD_0001661,1,0
ORD_0007075,0,0
ORD_0002740,1,0
ORD_0004185,1,1
ORD_0008175,0,0
ORD_0009496,0,1
ORD_0009637,0,0
ORD_0007369,0,0
ORD_0008971,0,0
ORD_0003987,1,0
ORD_0004947,0,0
ORD_0004462,1,1
ORD_0008517,0,0
ORD_0009716,0,0
ORD_0000410,0,0
ORD_0005087,0,1
ORD_0008968,0,1
ORD_0004507,1,1
ORD_0002171,0,0
ORD_0006812,0,0
ORD_0006297,1,1
ORD_0007069,0,0
ORD_0003374,1,0
ORD_0003886,0,0
ORD_0006419,1,0
ORD_0000054,0,0
ORD_0002295,1,1
ORD_0009734,1,1
ORD_0009974,1,0
ORD_0004822,1,1
ORD_0000989,0,0
ORD_0003462,0,0
ORD_0008674,0,0
ORD_0000222,0,0
ORD_0002297,0,0
ORD_0008087,0,0
ORD_0006858,1,0
ORD_0006686,0,0
ORD_0009888,0,1
ORD_0008638,0,0
ORD_0008392,1,0
ORD_0008398,0,0
ORD_0007590,1,0
ORD_0007392,0,1
ORD_0000200,0,0
ORD_0007232,0,0
ORD_0002440,0,0
ORD_0002324,1,0
ORD_0007728,0,0
ORD_0000534,0,0
ORD_0000392,1,0
ORD_0009909,1,0
ORD_0003527,0,0
ORD_0009100,0,0
ORD_0003146,0,0
ORD_0005406,1,1
ORD_0004860,1,0
ORD_0009830,0,0
ORD_0001510,0,1
ORD_0000215,0,0
ORD_0003536,0,1
ORD_0005253,0,0
ORD_0004168,0,0
ORD_0007420,0,0
ORD_0004461,0,0
ORD_0002077,0,0
ORD_0009956,0,0
ORD_0003612,0,1
ORD_0003098,1,0
ORD_0006483,0,1
ORD_0009151,0,0
ORD_0005076,0,0
ORD_0008884,0,0
ORD_0000403,0,1
ORD_0008500,0,1
ORD_0000022,0,0
ORD_0008338,1,1
ORD_0009389,1,0
ORD_0000672,1,0
ORD_0002870,0,0
ORD_0004412,1,0
ORD_0004795,1,0
ORD_0002683,0,1
ORD_0001701,0,0
ORD_0009508,0,0
ORD_0006075,1,1
ORD_0004520,1,1
ORD_0009084,1,1
ORD_0002307,1,0
ORD_0000295,1,1
ORD_0003753,0,0
ORD_0003198,0,0
ORD_0004317,0,0
ORD_0009823,1,0
ORD_0002932,0,1
ORD_0009388,1,1
ORD_0001095,1,0
ORD_0009419,1,1
ORD_0006954,0,0
ORD_0008869,0,0
ORD_0000390,0,0
ORD_0003767,1,0
ORD_0003229,0,0
ORD_0003661,0,0
ORD_0005322,0,0
ORD_0001838,1,0
ORD_0004521,0,1
ORD_0004149,0,0
ORD_0005442,1,1
ORD_0004905,0,1
ORD_0008096,0,0
ORD_0008148,0,0
ORD_0000075,1,0
ORD_0006582,0,0
ORD_0002965,0,0
ORD_0006589,0,0
ORD_0002353,1,0
ORD_0003236,0,0
ORD_0009445,1,0
ORD_0004400,1,0
ORD_0002146,0,1
ORD_0007274,1,1
ORD_0002228,0,0
ORD_0006415,1,0
ORD_0006066,1,0
ORD_0004970,0,0
ORD_0000019,0,1
ORD_0000240,0,0
ORD_0003788,0,0
ORD_0002798,0,0
ORD_0000053,0,1
ORD_0005966,0,0
ORD_0007394,0,0
ORD_0001252,0,0
ORD_0003746,1,0
ORD_0002292,0,0
ORD_0003419,0,1
ORD_0007608,0,1
ORD_0003126,1,0
ORD_0003017,1,1
ORD_0003334,0,0
ORD_0007987,1,0
ORD_0005125,1,0
ORD_0007047,0,0
ORD_0004776,0,0
ORD_0001906,0,0
ORD_0008775,0,0
ORD_0000362,0,0
ORD_0009408,1,0
ORD_0003941,0,0
ORD_0007031,0,1
ORD_0004049,1,1
ORD_0006048,0,0
ORD_0001662,0,0
ORD_0001100,1,0
ORD_0009316,0,0
ORD_0005949,0,0
ORD_0002718,0,1
ORD_0005009,1,0
ORD_0006093,0,1
ORD_0006522,1,0
ORD_0007591,1,0
ORD_0006377,0,0
ORD_0009390,0,0
ORD_0003138,0,0
ORD_0004148,1,0
ORD_0003313,0,0
ORD_0006356,0,0
ORD_0006744,0,0
ORD_0005452,1,0
ORD_0006969,0,0
ORD_0003142,0,0
ORD_0004761,1,0
ORD_0006331,1,0
ORD_0007628,0,0
ORD_0007586,0,0
ORD_0001617,0,0
ORD_0007546,0,0
ORD_0008850,1,1
ORD_0001800,1,0
ORD_0001044,0,0
ORD_0002479,1,0
ORD_0007110,1,0
ORD_0008982,0,0
ORD_0000525,0,1
ORD_0006081,0,0
ORD_0002198,0,0
ORD_0001594,1,0
ORD_0009329,0,1
ORD_0006720,0,0
ORD_0009333,0,0
ORD_0004766,1,0
ORD_0004295,0,0
ORD_0002234,0,0
ORD_0009500,0,0
ORD_0009244,1,1
ORD_0001299,0,0
ORD_0005916,0,0
ORD_0003336,0,0
ORD_0009574,1,1
ORD_0008230,1,0
ORD_0001087,0,0
ORD_0005776,1,1
ORD_0003685,1,0
ORD_0009235,1,0
ORD_0007616,0,0
ORD_0009940,1,0
ORD_0009399,1,1
ORD_0001921,1,1
ORD_0006549,0,1
ORD_0007646,0,0
ORD_0002315,1,0
ORD_0004974,0,0
ORD_0008352,1,0
ORD_0003716,0,0
ORD_0008062,1,1
ORD_0003123,1,0
ORD_0009144,0,0
ORD_0003955,0,1
ORD_0007808,0,0
ORD_0006023,0,0
ORD_0001657,0,0
ORD_0008916,0,0
ORD_0002439,0,0
ORD_0003199,0,0
ORD_0007577,1,0
ORD_0004090,0,0
ORD_0002309,0,0
ORD_0005010,0,0
ORD_0004508,0,0
ORD_0003295,0,0
ORD_0006911,0,0
ORD_0002027,1,0
ORD_0006741,0,0
ORD_0002555,0,1
ORD_0000937,0,0
ORD_0000269,0,0
ORD_0002517,0,0
ORD_0007817,0,0
ORD_0007018,0,0
ORD_0001039,1,0
ORD_0002770,0,0
ORD_0001747,1,1
ORD_0004872,0,0
ORD_0003026,0,0
ORD_0009549,0,1
ORD_0006880,0,0
ORD_0003002,1,0
ORD_0006836,1,0
ORD_0001505,0,0
ORD_0008309,1,1
ORD_0002481,0,0
ORD_0000715,0,0
ORD_0000668,1,1
ORD_0000274,0,1
ORD_0003137,0,1
ORD_0003400,0,0
ORD_0001349,0,0
ORD_0003117,0,0
ORD_0005019,1,0
ORD_0005921,0,1
ORD_0007864,0,0
ORD_0005438,0,1
ORD_0009963,1,0
ORD_0000931,0,0
ORD_0004456,0,0
ORD_0004367,0,0
ORD_0000646,0,0
ORD_0001248,1,1
ORD_0005449,0,0
ORD_0009970,0,0
ORD_0008766,1,0
ORD_0000757,1,0
ORD_0006868,0,0
ORD_0004895,0,0
ORD_0005634,0,0
ORD_0007614,1,0
ORD_0005746,1,0
ORD_0007813,1,1
ORD_0000348,1,1
ORD_0008143,1,0
ORD_0005672,0,0
ORD_0008928,0,0
ORD_0000977,0,0
ORD_0007691,0,0
ORD_0008989,0,0
ORD_0004437,0,0
ORD_0009587,0,1
ORD_0001180,1,0
ORD_0005901,0,0
ORD_0004378,1,0
ORD_0009258,1,0
ORD_0002838,0,1
ORD_0005265,0,0
ORD_0004898,0,0
ORD_0000316,1,0
ORD_0007100,1,0
ORD_0005002,1,1
ORD_0004252,1,0
ORD_0008650,0,1
ORD_0002166,0,0
ORD_0000811,0,1
ORD_0009173,1,1
ORD_0003364,0,0
ORD_0005361,1,1
ORD_0007529,0,0
ORD_0005142,1,1
ORD_0004483,0,0
ORD_0009566,0,0
ORD_0004088,1,0
ORD_0000856,0,0
ORD_0008606,0,0
ORD_0009751,0,0
ORD_0005250,1,0
ORD_0008925,1,0
ORD_0006877,0,0
ORD_0006247,1,0
ORD_0001305,0,0
ORD_0008545,0,0
ORD_0006427,1,0
ORD_0008391,0,0
ORD_0003405,0,0
ORD_0001456,1,1
ORD_0005603,1,1
ORD_0000435,1,1
ORD_0000386,0,1
ORD_0009009,0,1
ORD_0005158,1,0
ORD_0000074,0,1
ORD_0007727,0,0
ORD_0008533,0,0
ORD_0009163,1,1
ORD_0001418,0,1
ORD_0000938,1,0
ORD_0008746,0,0
ORD_0005717,0,1
ORD_0001774,1,0
ORD_0008260,0,0
ORD_0003681,0,0
ORD_0008990,1,0
ORD_0001987,0,1
ORD_0001665,1,0
ORD_0003359,1,0
ORD_0005161,0,0
ORD_0005037,0,1
ORD_0000943,0,0
ORD_0007008,1,1
ORD_0004987,0,1
ORD_0004680,0,1
ORD_0000456,1,1
ORD_0005788,0,0
ORD_0004927,1,0
ORD_0004913,1,0
ORD_0008610,0,0
ORD_0005586,1,0
ORD_0005956,1,0
ORD_0005298,0,0
ORD_0002389,0,0
ORD_0008996,0,0
ORD_0000720,0,1
ORD_0007235,1,0
ORD_0005721,1,1
ORD_0004457,0,0
ORD_0007474,1,1
ORD_0005774,0,0
ORD_0007922,1,0
ORD_0009409,1,1
ORD_0006067,0,0
ORD_0001188,0,0
ORD_0006476,0,0
ORD_0008997,0,0
ORD_0003923,0,1
ORD_0009268,0,0
ORD_0000459,1,1
ORD_0001377,1,0
ORD_0005249,0,0
ORD_0005881,0,0
ORD_0009132,1,0
ORD_0007793,1,1
ORD_0006823,0,1
ORD_0000887,0,0
ORD_0002873,0,0
ORD_0008172,1,1
ORD_0005755,0,0
ORD_0001718,1,0
ORD_0006467,0,0
ORD_0001002,0,0
ORD_0007532,0,0
ORD_0000725,0,0
ORD_0004451,1,0
ORD_0008868,0,0
ORD_0008294,1,0
ORD_0003552,0,0
ORD_0008881,1,1
ORD_0007046,0,0
ORD_0008373,0,0
ORD_0007944,0,0
ORD_0009580,0,0
ORD_0009826,1,0
ORD_0005171,0,0
ORD_0005950,0,0
ORD_0008962,1,0
ORD_0006434,0,0
ORD_0007687,0,0
ORD_0008975,1,1
ORD_0009269,0,1
ORD_0008464,0,1
ORD_0004398,0,0
ORD_0003176,0,0
ORD_0003306,0,0
ORD_0008743,0,0
ORD_0001754,1,0
ORD_0004373,0,1
ORD_0009532,1,0
ORD_0002341,0,1
ORD_0003226,0,0
ORD_0003531,0,0
ORD_0003938,0,0
ORD_0005069,1,0
ORD_0003832,0,1
ORD_0001682,0,0
ORD_0001711,0,0
ORD_0006214,0,1
ORD_0008331,0,0
ORD_0007077,1,0
ORD_0009401,0,0
ORD_0005422,0,0
ORD_0007376,0,0
ORD_0003468,0,0
ORD_0007166,0,0
ORD_0008527,0,0
ORD_0007012,0,0
ORD_0000762,0,0
ORD_0000454,0,0
ORD_0008878,1,0
ORD_0001595,0,0
ORD_0009166,0,0
ORD_0004576,1,1
ORD_0001030,0,0
ORD_0003118,0,0
ORD_0001951,0,0
ORD_0004503,1,1
ORD_0005616,0,0
ORD_0008839,0,0
ORD_0006779,1,0
ORD_0001514,0,0
ORD_0009936,0,0
ORD_0000705,0,1
ORD_0003170,0,0
ORD_0000588,1,0
ORD_0005272,1,0
ORD_0004903,0,0
ORD_0009767,0,1
ORD_0002713,0,0
ORD_0003254,0,0
ORD_0001255,0,0
ORD_0004085,0,1
ORD_0003286,1,1
ORD_0007989,0,0
ORD_0000363,0,1
ORD_0008057,0,0
ORD_0004233,1,0
ORD_0008762,0,0
ORD_0006320,0,1
ORD_0005268,0,0
ORD_0000172,1,0
ORD_0008041,0,0
ORD_0003452,0,0
ORD_0000331,1,0
ORD_0003903,0,1
ORD_0001543,0,0
ORD_0008302,1,0
ORD_0001169,0,0
ORD_0000138,0,0
ORD_0009099,0,0
ORD_0005154,1,0
ORD_0000192,1,0
ORD_0007941,0,0
ORD_0009651,0,0
ORD_0004809,0,1
ORD_0006137,0,0
ORD_0005128,0,0
ORD_0008565,0,1
ORD_0001356,0,0
ORD_0007763,0,1
ORD_0000580,0,1
ORD_0008708,0,0
ORD_0004673,0,0
ORD_0005195,1,0
ORD_0000690,1,1
ORD_0000424,0,0
ORD_0003486,0,0
ORD_0006154,0,0
ORD_0008048,0,0
ORD_0001144,0,0
ORD_0009391,1,0
ORD_0001605,0,0
ORD_0005992,1,1
ORD_0008320,1,0
ORD_0003084,1,1
ORD_0003845,0,0
ORD_0003533,1,0
ORD_0006365,0,0
ORD_0008771,0,0
ORD_0003572,0,0
ORD_0005115,0,0
ORD_0006345,0,0
ORD_0002143,0,0
ORD_0003739,1,1
ORD_0001716,0,0
ORD_0002816,1,1
ORD_0007618,1,1
ORD_0001940,1,0
ORD_0001915,0,0
ORD_0003578,1,0
ORD_0006525,1,0
ORD_0001837,0,0
ORD_0005930,0,1
ORD_0009176,0,0
ORD_0006085,1,0
ORD_0000660,1,0
ORD_0000671,0,0
ORD_0003660,0,0
ORD_0004410,0,0
ORD_0003749,0,0
ORD_0001755,0,0
ORD_0000550,0,0
ORD_0005734,0,0
ORD_0009850,0,0
ORD_0008551,0,0
ORD_0006807,1,0
ORD_0006988,1,1
ORD_0004669,1,0
ORD_0004202,0,0
ORD_0001674,1,1
ORD_0006304,1,0
ORD_0007143,1,0
ORD_0006250,0,0
ORD_0006521,0,0
ORD_0009430,0,0
ORD_0001481,0,0
ORD_0002627,0,0
ORD_0000092,0,0
ORD_0008490,1,0
ORD_0001501,1,0
ORD_0002608,1,0
ORD_0000815,0,1
ORD_0009937,1,0
ORD_0007812,0,0
ORD_0006280,0,0
ORD_0003165,0,1
ORD_0007324,0,1
ORD_0008073,0,0
ORD_0000670,0,0
ORD_0001146,0,0
ORD_0004960,0,0
ORD_0004559,0,0
ORD_0001673,0,0
ORD_0008482,0,0
ORD_0004153,1,1
ORD_0001868,1,1
ORD_0004650,0,0
ORD_0000655,0,0
ORD_0006933,1,0
ORD_0001384,0,1
ORD_0009477,0,0
ORD_0005803,0,0
ORD_0005545,0,0
ORD_0005998,0,0
ORD_0006814,0,0
ORD_0002496,0,0
ORD_0003920,1,0
ORD_0003757,0,1
ORD_0003410,0,0
ORD_0009924,0,1
ORD_0003539,0,0
ORD_0003632,0,0
ORD_0008847,0,0
ORD_0002245,0,0
ORD_0006429,0,0
ORD_0006097,0,0
ORD_0000831,0,0
ORD_0005347,1,0
ORD_0007810,1,0
ORD_0008830,1,0
ORD_0002289,1,0
ORD_0005160,0,0
ORD_0005852,0,1
ORD_0008814,1,0
ORD_0008479,1,1
ORD_0001722,0,0
ORD_0004000,0,0
ORD_0004270,0,0
ORD_0002986,0,0
ORD_0009612,0,0
ORD_0009650,1,0
ORD_0004468,0,0
ORD_0007861,1,0
ORD_0001149,1,0
ORD_0001368,0,0
ORD_0003633,1,0
ORD_0003087,1,0
ORD_0003616,0,1
ORD_0007635,0,1
ORD_0005863,0,0
ORD_0003814,0,0
ORD_0002489,0,0
ORD_0007241,0,0
ORD_0006957,1,0
ORD_0000810,0,0
ORD_0003909,1,1
ORD_0003522,0,0
ORD_0007239,1,0
ORD_0001558,1,0
ORD_0002366,0,0
ORD_0000841,1,0
ORD_0004047,1,0
ORD_0006291,0,0
ORD_0009158,1,1
ORD_0004912,1,1
ORD_0003926,0,1
ORD_0001173,1,0
ORD_0002251,0,0
ORD_0001985,0,0
ORD_0001198,1,0
ORD_0005604,1,1
ORD_0002679,0,0
ORD_0007949,1,1
ORD_0008867,0,0
ORD_0004908,1,0
ORD_0009262,0,0
ORD_0003965,0,1
ORD_0006742,0,1
ORD_0000014,0,0
ORD_0005944,0,0
ORD_0007880,0,0
ORD_0003130,1,0
ORD_0002191,0,0
ORD_0007367,1,0
ORD_0000268,0,1
ORD_0001996,1,0
ORD_0003697,0,0
ORD_0005137,0,0
ORD_0000781,1,1
ORD_0004015,0,0
ORD_0007257,0,0
ORD_0006732,1,0
ORD_0005018,1,0
ORD_0004485,1,0
ORD_0004808,0,1
ORD_0008513,1,0
ORD_0000692,0,0
ORD_0006232,0,1
ORD_0001427,0,1
ORD_0002948,0,1
ORD_0006555,1,1
ORD_0007579,0,1
ORD_0002622,0,0
ORD_0006761,0,0
ORD_0004998,0,1
ORD_0008837,1,0
ORD_0004781,0,0
ORD_0005777,1,1
ORD_0005049,0,0
ORD_0008414,0,0
ORD_0008550,0,1
ORD_0006875,0,0
ORD_0007674,0,0
ORD_0005770,0,0
ORD_0001396,0,0
ORD_0007264,0,0
ORD_0007237,0,0
ORD_0007531,0,0
ORD_0008733,0,0
ORD_0000220,0,0
ORD_0008921,1,0
ORD_0006777,0,0
ORD_0002502,1,1
ORD_0007346,0,0
ORD_0003594,0,0
ORD_0002970,1,1
ORD_0002311,1,1
ORD_0004726,0,0
ORD_0004351,1,1
ORD_0006461,1,0
ORD_0001091,0,0
ORD_0008077,1,0
ORD_0009273,1,1
ORD_0007309,0,0
ORD_0003331,1,1
ORD_0006713,0,0
ORD_0009946,0,0
ORD_0008736,0,0
ORD_0003231,0,0
ORD_0006019,1,1
ORD_0006200,0,0
ORD_0001562,0,0
ORD_0006884,0,0
ORD_0002035,0,0
ORD_0004716,0,1
ORD_0002628,0,0
ORD_0001379,0,0
ORD_0002450,0,0
ORD_0004383,1,1
ORD_0005246,0,0
ORD_0002433,1,1
ORD_0000490,0,0
ORD_0000982,1,0
ORD_0009356,1,1
ORD_0005548,1,0
ORD_0006881,0,0
ORD_0000013,0,1
ORD_0009845,0,1
ORD_0003948,0,0
ORD_0007229,1,0
ORD_0007099,0,0
ORD_0009348,0,0
ORD_0008969,0,0
ORD_0009462,0,0
ORD_0003415,0,0
ORD_0008786,0,0
ORD_0001602,1,0
ORD_0009136,0,0
ORD_0007224,0,0
ORD_0001738,0,0
ORD_0004917,1,0
ORD_0001612,0,1
ORD_0002505,0,0
ORD_0003060,0,1
ORD_0003745,0,1
ORD_0008573,1,1
ORD_0003373,0,0
ORD_0000666,1,0
ORD_0009916,0,0
ORD_0008931,0,0
ORD_0003178,0,1
ORD_0005899,0,0
ORD_0004399,1,1
ORD_0007832,1,0
ORD_0005219,0,0
ORD_0000185,0,0
ORD_0008680,0,0
ORD_0009031,0,0
ORD_0007196,0,1
ORD_0005114,0,0
ORD_0009700,0,0
ORD_0004465,0,0
ORD_0001450,0,0
ORD_0006478,0,0
ORD_0003394,0,0
ORD_0000156,0,0
ORD_0009737,0,1
ORD_0004041,0,0
ORD_0002739,0,1
ORD_0000359,1,0
ORD_0006090,0,0
ORD_0001581,0,0
ORD_0004238,0,0
ORD_0000549,0,0
ORD_0002629,1,0
ORD_0001791,0,0
ORD_0009931,1,0
ORD_0007487,0,0
ORD_0009157,0,1
ORD_0000552,1,0
ORD_0000203,0,0
ORD_0005915,0,0
ORD_0004557,0,0
ORD_0004125,1,0
ORD_0006226,1,0
ORD_0004920,0,1
ORD_0002681,0,0
ORD_0007640,1,0
ORD_0006061,0,0
ORD_0000822,0,0
ORD_0006028,0,0
ORD_0000642,0,0
ORD_0003005,0,0
ORD_0009096,0,0
ORD_0005698,0,0
ORD_0009480,0,0
ORD_0003153,0,0
ORD_0000409,0,0
ORD_0007606,1,1
ORD_0001135,0,0
ORD_0004286,0,0
ORD_0002467,0,0
ORD_0006495,0,0
ORD_0003104,0,1
ORD_0005535,0,0
ORD_0006781,1,0
ORD_0006160,1,0
ORD_0004727,0,1
ORD_0006793,0,1
ORD_0005234,0,0
ORD_0003691,0,0
ORD_0001621,0,0
ORD_0004619,0,0
ORD_0007542,0,1
ORD_0000653,0,0
ORD_0001639,1,0
ORD_0003625,1,0
ORD_0004941,0,0
ORD_0002172,1,0
ORD_0003880,0,0
ORD_0004407,0,0
ORD_0004018,1,1
ORD_0001394,1,1
ORD_0006236,0,0
ORD_0000505,1,1
ORD_0004424,1,0
ORD_0006459,0,0
ORD_0000708,0,0
ORD_0006605,0,0
ORD_0007172,0,1
ORD_0003022,0,1
ORD_0008448,0,0
ORD_0009673,1,1
ORD_0007049,1,1
ORD_0008240,1,0
ORD_0004164,1,0
ORD_0002927,1,0
ORD_0002409,0,0
ORD_0002214,1,0
ORD_0005312,0,0
ORD_0001171,0,0
ORD_0008913,0,0
ORD_0005656,0,0
ORD_0003713,1,0
ORD_0004401,0,0
ORD_0005183,0,0
ORD_0001193,1,0
ORD_0003912,0,1
ORD_0009812,0,0
ORD_0000541,1,0
ORD_0009039,1,0
ORD_0003969,0,0
ORD_0007451,0,0
ORD_0009305,0,0
ORD_0009016,0,0
ORD_0009835,0,1
ORD_0003939,0,0
ORD_0000504,0,0
ORD_0009216,0,1
ORD_0009934,1,1
ORD_0005383,0,0
ORD_0006637,0,0
ORD_0004463,1,1
ORD_0002823,0,0
ORD_0001931,1,1
ORD_0007807,1,0
ORD_0005177,0,0
ORD_0007478,1,1
ORD_0007473,0,0
ORD_0000252,0,0
ORD_0005979,1,1
ORD_0008891,1,0
ORD_0009117,1,1
ORD_0009669,0,1
ORD_0001753,0,0
ORD_0002260,0,0
ORD_0003648,0,0
ORD_0004510,0,1
ORD_0003280,1,0
ORD_0005223,1,0
ORD_0002572,0,0
ORD_0002379,0,1
ORD_0006102,0,0
ORD_0005151,0,0
ORD_0002720,0,0
ORD_0006071,1,0
ORD_0005428,0,0
ORD_0005931,0,0
ORD_0003147,0,0
ORD_0004226,0,0
ORD_0009868,0,0
ORD_0005254,0,0
ORD_0001905,0,0
ORD_0009744,0,0
ORD_0001136,0,0
ORD_0005035,0,0
ORD_0006421,0,0
ORD_0001583,0,0
ORD_0000984,1,1
ORD_0009474,0,1
ORD_0003741,0,0
ORD_0007425,0,0
ORD_0007660,0,0
ORD_0009728,0,0
ORD_0000805,1,0
ORD_0005148,0,0
ORD_0008396,0,0
ORD_0009287,0,1
ORD_0008629,0,0
ORD_0006702,0,0
ORD_0005478,0,0
ORD_0009438,0,0
ORD_0005469,0,0
ORD_0009842,1,1
ORD_0005323,0,0
ORD_0006001,0,0
ORD_0000909,1,0
ORD_0008848,0,0
ORD_0008619,1,0
ORD_0005352,0,1
ORD_0002005,0,0
ORD_0005588,0,0
ORD_0003669,0,0
ORD_0008870,0,0
ORD_0002689,0,0
ORD_0004594,1,0
ORD_0002020,1,0
ORD_0005461,0,0
ORD_0005902,0,0
ORD_0005549,0,1
ORD_0004024,0,0
ORD_0007103,1,0
ORD_0001557,0,0
ORD_0008409,0,0
ORD_0001999,1,1
ORD_0006488,0,0
ORD_0002390,1,0
ORD_0002971,0,0
ORD_0006315,1,0
ORD_0008609,1,0
ORD_0009973,1,0
ORD_0002846,0,0
ORD_0002704,1,0
ORD_0006173,0,0
ORD_0009885,0,0
ORD_0003343,1,0
ORD_0003928,0,0
ORD_0009443,1,0
ORD_0008699,1,0
ORD_0002500,1,1
ORD_0001177,0,0
ORD_0003218,1,1
ORD_0007521,1,1
ORD_0002606,0,0
ORD_0000501,1,1
ORD_0001070,0,0
ORD_0006303,0,0
ORD_0003892,0,0
ORD_0001060,0,0
ORD_0006673,1,1
ORD_0003855,1,0
ORD_0001952,1,1
ORD_0007091,1,0
ORD_0002581,0,1
ORD_0000556,0,0
ORD_0002210,1,1
ORD_0007476,0,0
ORD_0000182,0,0
ORD_0009205,1,1
ORD_0007957,1,0
ORD_0004415,0,0
ORD_0007623,0,0
ORD_0004638,0,0
ORD_0004580,0,0
ORD_0000867,1,0
ORD_0006202,0,0
ORD_0006882,0,0
ORD_0002854,0,0
ORD_0008506,1,0
ORD_0001986,1,0
ORD_0001506,1,0
ORD_0004323,0,0
ORD_0000052,0,0
ORD_0005277,0,0
ORD_0001524,1,0
ORD_0002162,1,0
ORD_0004184,1,0
ORD_0001411,1,0
ORD_0005325,0,1
ORD_0003407,0,0
ORD_0007563,0,1
ORD_0003567,0,0
ORD_0008568,0,0
ORD_0007869,0,0
ORD_0005084,0,0
ORD_0003810,0,0
ORD_0005639,0,1
ORD_0009912,1,1
ORD_0001372,0,0
ORD_0001894,1,0
ORD_0004212,0,0
ORD_0005650,0,0
ORD_0007422,0,0
ORD_0003197,0,0
ORD_0002869,0,0
ORD_0002663,0,0
ORD_0000379,0,1
ORD_0006087,0,0
ORD_0000784,0,0
ORD_0001483,0,0
ORD_0006801,0,1
ORD_0009466,0,1
ORD_0000043,0,0
ORD_0001990,0,0
ORD_0007512,0,0
ORD_0002024,1,0
ORD_0003044,1,0
ORD_0004180,0,0
ORD_0000948,1,0
ORD_0009779,1,0
ORD_0009554,0,1
ORD_0005186,1,0
ORD_0003508,0,1
ORD_0000217,0,0
ORD_0005657,1,1
ORD_0009054,0,0
ORD_0004494,1,1
ORD_0002973,0,0
ORD_0000862,0,1
ORD_0004835,0,0
ORD_0006057,1,0
ORD_0006838,0,0
ORD_0000134,1,0
ORD_0003690,0,0
ORD_0006375,1,0
ORD_0004890,1,1
ORD_0008493,1,1
ORD_0001680,0,0
ORD_0002866,0,0
ORD_0001133,0,0
ORD_0009197,0,1
ORD_0006398,0,0
ORD_0007434,0,0
ORD_0000086,0,0
ORD_0003043,0,0
ORD_0006129,0,0
ORD_0005109,0,0
ORD_0002079,0,0
ORD_0005244,0,1
ORD_0008216,0,0
ORD_0005150,0,1
ORD_0008773,0,0
ORD_0009930,0,0
ORD_0007266,0,0
ORD_0004937,0,0
ORD_0006436,1,0
ORD_0009686,1,0
ORD_0000783,0,0
ORD_0005844,1,0
ORD_0005397,0,0
ORD_0002899,0,0
ORD_0009352,0,0
ORD_0004060,0,0
ORD_0000851,0,0
ORD_0003954,0,0
ORD_0008660,1,1
ORD_0004624,0,0
ORD_0004611,1,0
ORD_0007969,1,1
ORD_0007967,0,0
ORD_0009782,0,0
ORD_0000076,0,0
ORD_0007199,0,0
ORD_0004256,1,1
ORD_0000371,1,0
ORD_0002361,1,1
ORD_0005133,1,0
ORD_0005466,0,1
ORD_0008469,0,1
ORD_0001614,0,0
ORD_0009800,0,0
ORD_0006234,1,0
ORD_0006948,1,0
ORD_0000744,0,1
ORD_0007120,0,0
ORD_0000449,1,0
ORD_0005413,1,1
ORD_0004810,0,0
ORD_0005477,0,0
ORD_0005779,1,0
ORD_0004721,1,0
ORD_0006482,1,0
ORD_0004620,0,0
ORD_0009175,1,0
ORD_0000066,0,0
ORD_0008419,0,1
ORD_0008387,0,0
ORD_0009735,0,1
ORD_0001788,0,0
ORD_0004356,0,0
ORD_0009259,0,0
ORD_0001455,0,0
ORD_0005514,0,1
ORD_0000884,1,0
ORD_0005861,1,0
ORD_0005013,0,0
ORD_0002044,0,0
ORD_0001073,1,1
ORD_0009719,0,0
ORD_0006201,0,0
ORD_0009085,1,1
ORD_0001676,1,0
ORD_0007321,0,1
ORD_0009748,1,0
ORD_0008992,1,1
ORD_0008877,1,0
ORD_0001839,0,0
ORD_0005570,0,1
ORD_0006161,0,0
ORD_0000572,0,0
ORD_0008153,0,1
ORD_0002221,0,0
ORD_0006595,1,1
ORD_0008972,1,1
ORD_0005086,0,0
ORD_0006910,0,1
ORD_0005660,0,0
ORD_0004596,0,0
ORD_0004205,1,0
ORD_0007485,0,0
ORD_0006053,0,0
ORD_0006994,0,0
ORD_0006010,0,0
ORD_0002453,1,0
ORD_0009127,1,0
ORD_0009211,0,0
ORD_0003997,0,0
ORD_0009981,0,1
ORD_0002183,0,1
ORD_0001707,0,0
ORD_0009954,1,1
ORD_0006530,0,0
ORD_0007505,0,0
ORD_0006118,0,0
ORD_0003245,0,0
ORD_0006453,0,0
ORD_0005262,0,0
ORD_0002735,0,1
ORD_0002861,0,0
ORD_0000317,0,0
ORD_0000447,1,0
ORD_0003864,0,0
ORD_0005547,0,1
ORD_0005274,0,0
ORD_0003046,0,0
ORD_0004552,0,1
ORD_0003655,0,1
ORD_0007048,0,0
ORD_0004771,1,1
ORD_0003884,0,0
ORD_0008993,1,0
ORD_0001191,1,1
ORD_0005635,0,0
ORD_0000680,0,0
ORD_0001312,1,1
ORD_0007148,0,0
ORD_0005217,0,1
ORD_0007051,1,0
ORD_0002841,0,0
ORD_0007830,0,0
ORD_0005255,1,1
ORD_0001326,0,0
ORD_0007414,0,0
ORD_0001782,0,0
ORD_0000204,1,0
ORD_0004891,0,0
ORD_0006484,1,1
ORD_0003617,0,1
ORD_0005292,1,1
ORD_0005872,0,0
ORD_0005290,0,0
ORD_0002686,0,0
ORD_0009376,1,1
ORD_0005155,0,0
ORD_0004242,0,0
ORD_0005743,1,0
ORD_0002123,0,0
ORD_0001719,0,0
ORD_0002918,1,0
ORD_0003404,0,0
ORD_0007937,0,0
ORD_0006612,0,0
ORD_0004851,1,0
ORD_0004658,1,1
ORD_0004095,0,0
ORD_0005296,1,0
ORD_0009024,1,0
ORD_0001489,0,0
ORD_0000925,0,1
ORD_0001663,1,1
ORD_0005710,1,1
ORD_0009019,0,0
ORD_0008484,0,0
ORD_0005147,0,0
ORD_0009972,1,1
ORD_0001196,0,0
ORD_0000519,1,0
ORD_0008581,0,0
ORD_0009771,0,0
ORD_0009017,1,0
ORD_0000806,1,1
ORD_0007483,1,0
ORD_0005515,1,0
ORD_0008926,1,0
ORD_0003889,1,1
ORD_0009494,1,0
ORD_0003619,1,0
ORD_0001854,0,0
ORD_0006152,0,0
ORD_0007188,0,0
ORD_0003708,0,0
ORD_0006791,0,0
ORD_0007800,0,0
ORD_0002435,0,0
ORD_0000778,0,1
ORD_0006153,1,0
ORD_0009636,1,0
ORD_0002733,0,0
ORD_0003585,0,1
ORD_0002153,1,0
ORD_0003028,0,0
ORD_0002872,0,0
ORD_0005664,0,0
ORD_0002468,1,0
ORD_0006257,0,0
ORD_0005534,0,0
ORD_0005892,0,0
ORD_0002945,0,1
ORD_0004067,1,0
ORD_0002911,0,1
ORD_0002761,0,0
ORD_0002644,0,1
ORD_0002169,0,0
ORD_0002091,0,0
ORD_0008826,1,1
ORD_0006849,0,0
ORD_0009435,0,0
ORD_0009179,0,0
ORD_0004247,1,1
ORD_0002524,1,1
ORD_0009763,1,0
ORD_0007696,1,1
ORD_0007700,1,0
ORD_0000279,1,1
ORD_0005980,0,0
ORD_0009270,1,1
ORD_0005273,0,0
ORD_0003509,1,1
ORD_0000868,1,1
ORD_0003289,0,1
ORD_0007114,1,0
ORD_0005092,0,0
ORD_0006962,1,0
ORD_0007815,0,0
ORD_0003267,0,1
ORD_0003007,0,0
ORD_0007522,1,0
ORD_0005796,0,0
ORD_0008627,0,0
ORD_0000378,0,0
ORD_0003377,0,0
ORD_0001292,0,0
ORD_0003802,1,0
ORD_0009557,0,0
ORD_0003665,0,1
ORD_0004587,0,0
ORD_0000998,0,0
ORD_0003506,1,0
ORD_0006498,1,0
ORD_0008604,0,0
ORD_0009556,1,0
ORD_0009455,1,0
ORD_0008810,0,0
ORD_0004742,0,0
ORD_0009545,0,1
ORD_0003532,0,1
ORD_0003846,0,0
ORD_0006318,0,0
ORD_0004598,0,0
ORD_0002246,1,1
ORD_0008325,0,0
ORD_0005379,1,1
ORD_0007871,0,0
ORD_0004868,0,1
ORD_0005858,0,0
ORD_0001034,0,0
ORD_0009578,0,0
ORD_0003775,1,0
ORD_0007907,0,0
ORD_0001836,1,0
ORD_0006361,0,0
ORD_0004583,0,0
ORD_0001313,1,0
ORD_0003422,0,0
ORD_0002639,0,0
ORD_0008635,1,0
ORD_0009588,1,0
ORD_0004943,0,1
ORD_0002913,1,0
ORD_0007295,0,0
ORD_0004092,0,0
ORD_0007564,0,0
ORD_0003510,0,0
ORD_0009878,0,0
ORD_0007098,0,0
ORD_0001536,1,0
ORD_0006554,0,0
ORD_0008371,1,0
ORD_0005168,0,0
ORD_0001598,0,0
ORD_0000474,1,0
ORD_0009784,0,0
ORD_0002810,0,0
ORD_0009253,0,1
ORD_0007242,1,0
ORD_0000205,1,0
ORD_0002306,0,0
ORD_0005521,0,0
ORD_0007322,0,0
ORD_0002417,0,0
ORD_0008109,0,0
ORD_0007954,0,1
ORD_0003830,0,1
ORD_0008257,1,0
ORD_0009375,0,1
ORD_0006894,0,0
ORD_0002535,1,0
ORD_0006652,1,0
ORD_0009747,0,0
ORD_0009121,0,0
ORD_0003076,0,0
ORD_0008429,1,0
ORD_0000440,0,0
ORD_0003066,0,0
ORD_0004308,1,1
ORD_0005574,0,0
ORD_0002762,0,0
ORD_0003866,0,1
ORD_0000063,0,0
ORD_0008563,0,1
ORD_0005399,1,0
ORD_0000779,0,0
ORD_0007344,0,0
ORD_0009300,1,0
ORD_0001934,0,0
ORD_0008123,1,0
ORD_0002223,1,0
ORD_0006617,1,0
ORD_0003037,0,0
ORD_0001043,0,0
ORD_0000954,0,0
ORD_0007436,0,0
ORD_0003881,0,1
ORD_0009827,0,0
ORD_0005589,0,0
ORD_0000436,1,1
ORD_0001995,0,1
ORD_0005984,1,0
ORD_0004280,0,1
ORD_0006524,0,0
ORD_0000494,1,0
ORD_0004063,1,1
ORD_0009871,0,0
ORD_0007504,1,0
ORD_0003541,1,0
ORD_0003008,0,0
ORD_0003099,1,0
ORD_0002076,1,0
ORD_0009736,0,0
ORD_0007072,0,0
ORD_0006229,0,0
ORD_0007816,1,0
ORD_0003233,0,0
ORD_0003113,0,0
ORD_0009558,0,1
ORD_0001308,0,0
ORD_0005280,1,0
ORD_0003561,0,0
ORD_0002860,0,0
ORD_0000807,1,1
ORD_0005719,0,0
ORD_0007803,1,1
ORD_0007449,0,0
ORD_0000499,1,0
ORD_0002760,0,0
ORD_0006000,0,1
ORD_0001452,1,0
ORD_0002276,1,0
ORD_0006174,0,0
ORD_0005307,0,1
ORD_0003281,0,0
ORD_0003463,0,0
ORD_0003141,0,0
ORD_0003329,0,0
ORD_0005208,0,0
ORD_0004586,0,0
ORD_0009221,0,0
ORD_0004843,0,0
ORD_0000125,0,0
ORD_0005522,0,0
ORD_0000723,0,0
ORD_0006355,1,0
ORD_0009188,0,0
ORD_0000087,1,1
ORD_0008334,1,0
ORD_0000228,0,1
ORD_0001307,0,0
ORD_0009021,0,0
ORD_0002802,0,0
ORD_0004874,1,0
ORD_0000450,0,0
ORD_0007932,1,0
ORD_0001099,1,0
ORD_0004352,0,0
ORD_0006025,0,0
ORD_0003469,0,1
ORD_0000967,0,0
ORD_0005276,0,0
ORD_0008050,0,1
ORD_0001007,0,0
ORD_0005553,0,0
ORD_0009722,0,0
ORD_0006610,0,0
ORD_0008183,1,0
ORD_0000021,0,0
ORD_0007530,0,0
ORD_0003543,0,0
ORD_0007518,1,0
ORD_0000516,1,0
ORD_0000183,0,0
ORD_0008782,1,0
ORD_0005048,0,0
ORD_0000761,1,0
ORD_0006977,1,0
ORD_0006632,0,0
ORD_0001808,1,0
ORD_0007430,0,0
ORD_0002320,0,0
ORD_0009257,0,0
ORD_0003728,1,0
ORD_0007352,0,0
ORD_0008548,0,1
ORD_0008515,1,0
ORD_0007692,0,0
ORD_0001998,1,0
ORD_0004363,1,1
ORD_0000707,1,0
ORD_0001784,1,0
ORD_0004364,0,0
ORD_0008214,1,0
ORD_0000477,0,0
ORD_0000002,0,1
ORD_0009168,0,0
ORD_0005057,0,0
ORD_0008835,0,0
ORD_0008478,1,0
ORD_0008748,1,0
ORD_0009206,1,0
ORD_0004341,1,1
ORD_0002066,0,1
ORD_0007164,0,0
ORD_0006405,1,0
ORD_0009958,0,0
ORD_0004569,0,0
ORD_0008655,0,0
ORD_0008356,0,0
ORD_0004612,0,0
ORD_0000333,0,0
ORD_0002975,0,1
ORD_0004098,0,0
ORD_0006828,0,0
ORD_0009739,0,0
ORD_0007192,0,1
ORD_0001787,0,0
ORD_0008428,0,0
ORD_0006469,1,0
ORD_0008763,1,1
ORD_0001242,0,0
ORD_0008525,0,0
ORD_0008719,1,1
ORD_0006425,0,1
ORD_0007631,1,0
ORD_0009005,1,0
ORD_0002844,0,0
ORD_0007349,0,0
ORD_0008411,0,0
ORD_0008009,1,0
ORD_0003111,0,0
ORD_0005945,0,0
ORD_0000932,0,0
ORD_0006266,0,0
ORD_0008091,0,0
ORD_0008213,1,0
ORD_0005058,1,1
ORD_0006499,0,0
ORD_0003269,1,0
ORD_0003993,0,0
ORD_0008740,0,0
ORD_0002508,1,0
ORD_0004953,0,0
ORD_0007277,0,0
ORD_0009848,0,0
ORD_0007035,0,0
ORD_0001293,1,0
ORD_0006809,0,0
ORD_0002144,0,0
ORD_0005580,0,1
ORD_0006599,0,0
ORD_0001061,1,0
ORD_0006655,1,0
ORD_0008321,0,1
ORD_0001296,1,1
ORD_0001759,0,1
ORD_0003321,1,0
ORD_0004886,1,0
ORD_0005583,0,1
ORD_0004296,0,0
ORD_0002277,0,1
ORD_0000398,0,0
ORD_0005414,0,0
ORD_0007928,1,1
ORD_0009403,0,0
ORD_0004646,0,0
ORD_0003246,0,1
ORD_0000051,1,0
ORD_0006767,1,0
ORD_0009022,1,0
ORD_0007124,0,0
ORD_0003085,0,0
ORD_0003647,1,1
ORD_0004183,1,0
ORD_0003905,0,0
ORD_0001962,0,1
ORD_0000530,0,0
ORD_0005961,0,0
ORD_0003726,0,1
ORD_0007704,0,0
ORD_0001904,0,1
ORD_0000117,1,0
ORD_0002272,1,0
ORD_0004922,0,0
ORD_0005481,0,0
ORD_0007945,0,0
ORD_0007065,1,0
ORD_0000942,0,0
ORD_0008005,0,0
ORD_0004335,0,0
ORD_0002665,1,0
ORD_0001386,1,0
ORD_0008995,1,0
ORD_0002471,1,0
ORD_0009808,0,0
ORD_0004198,0,1
ORD_0001554,1,1
ORD_0005643,0,0
ORD_0000106,0,0
ORD_0002763,0,0
ORD_0007615,1,0
ORD_0009255,1,0
ORD_0006471,0,0
ORD_0005475,1,0
ORD_0008125,0,1
ORD_0007299,0,0
ORD_0002466,0,1
ORD_0004542,1,1
ORD_0007460,1,1
ORD_0000571,1,0
ORD_0000377,0,0
ORD_0000626,1,0
ORD_0007939,1,0
ORD_0005951,0,1
ORD_0008337,1,0
ORD_0005436,1,0
ORD_0007956,0,1
ORD_0007314,1,1
ORD_0001523,0,1
ORD_0003498,0,0
ORD_0001273,1,0
ORD_0009996,0,1
ORD_0001197,0,0
ORD_0007279,0,0
ORD_0007650,1,0
ORD_0009805,0,1
ORD_0008086,1,0
ORD_0000633,0,0
ORD_0008666,0,0
ORD_0005720,1,0
ORD_0005402,0,0
ORD_0004129,0,0
ORD_0007712,0,0
ORD_0001223,1,0
ORD_0002972,0,0
ORD_0000545,0,1
ORD_0001317,0,0
ORD_0006820,0,0
ORD_0001844,0,0
ORD_0001316,1,0
ORD_0006479,0,0
ORD_0001809,1,1
ORD_0004069,0,0
ORD_0002509,1,1
ORD_0000180,0,0
ORD_0004535,0,0
ORD_0006242,0,0
ORD_0004691,1,1
ORD_0005578,0,0
ORD_0007994,0,0
ORD_0004672,0,0
ORD_0002050,1,0
ORD_0007619,0,0
ORD_0006159,0,0
ORD_0003100,0,0
ORD_0003268,0,0
ORD_0004027,1,0
ORD_0002026,0,0
ORD_0008930,0,0
ORD_0005709,0,0
ORD_0002781,0,0
ORD_0000327,0,0
ORD_0000483,1,0
ORD_0007209,0,0
ORD_0009343,1,0
ORD_0008732,1,1
ORD_0000264,1,0
ORD_0001974,0,0
ORD_0001730,0,0
ORD_0003944,0,0
ORD_0007860,0,0
ORD_0008345,0,0
ORD_0007641,1,0
ORD_0002470,0,0
ORD_0000581,1,0
ORD_0009562,0,0
ORD_0002323,0,0
ORD_0004131,0,0
ORD_0008575,1,0
ORD_0007684,0,0
ORD_0005730,0,0
ORD_0006275,0,0
ORD_0002136,0,0
ORD_0006271,0,0
ORD_0003732,1,0
ORD_0001861,0,0
ORD_0004427,1,0
ORD_0008061,1,0
ORD_0003102,1,0
ORD_0001367,0,0
ORD_0007789,1,0
ORD_0007327,0,0
ORD_0005877,0,0
ORD_0003878,0,1
ORD_0003658,0,0
ORD_0007665,1,0
ORD_0003182,0,1
ORD_0009849,0,0
ORD_0008236,0,1
ORD_0003794,0,0
ORD_0009302,1,0
ORD_0009010,1,0
ORD_0007104,0,0
ORD_0009820,0,0
ORD_0000340,0,0
ORD_0002722,1,0
ORD_0007544,1,0
ORD_0005633,1,0
ORD_0001435,0,1
ORD_0001519,1,0
ORD_0001112,0,0
ORD_0006412,1,1
ORD_0000326,0,0
ORD_0002291,0,1
ORD_0004330,0,0
ORD_0002081,0,0
ORD_0004656,0,0
ORD_0004207,1,1
ORD_0008974,0,1
ORD_0000421,1,0
ORD_0007756,0,1
ORD_0007981,1,1
ORD_0009453,1,1
ORD_0001632,0,0
ORD_0008307,0,1
ORD_0005762,0,0
ORD_0003445,0,1
ORD_0004827,1,1
ORD_0005567,0,1
ORD_0003307,1,0
ORD_0006409,1,1
ORD_0004122,1,0
ORD_0005676,1,0
ORD_0006002,1,1
ORD_0000365,0,0
ORD_0004785,0,0
ORD_0003885,0,1
ORD_0006784,1,0
ORD_0005621,0,0
ORD_0004737,0,0
ORD_0007634,0,1
ORD_0008557,1,0
ORD_0001973,1,1
ORD_0002773,0,0
ORD_0004354,0,0
ORD_0009645,0,0
ORD_0000151,0,0
ORD_0009596,0,0
ORD_0008806,1,1
ORD_0004350,0,0
ORD_0002267,0,0
ORD_0000394,1,0
ORD_0004143,1,0
ORD_0007574,0,0
ORD_0004522,0,1
ORD_0004032,1,1
ORD_0005737,0,0
ORD_0004788,0,1
ORD_0006157,0,0
ORD_0009296,1,0
ORD_0008205,0,1
ORD_0002261,0,0
ORD_0008152,0,0
ORD_0009968,0,1
ORD_0007765,0,0
ORD_0005715,0,0
ORD_0008547,0,0
ORD_0000412,0,0
ORD_0000040,1,1
ORD_0005175,1,1
ORD_0006975,0,0
ORD_0002000,0,0
ORD_0002003,0,0
ORD_0008313,1,0
ORD_0007583,0,0
ORD_0007454,0,0
ORD_0004162,0,0
ORD_0002956,0,0
ORD_0003473,0,1
ORD_0007328,1,1
ORD_0006927,1,0
ORD_0000988,0,0
ORD_0009311,1,0
ORD_0004190,1,1
ORD_0009233,0,0
ORD_0005987,0,1
ORD_0007062,0,0
ORD_0004546,0,0
ORD_0009905,0,0
ORD_0007152,1,0
ORD_0003258,1,0
ORD_0002118,0,0
ORD_0001832,0,0
ORD_0008727,1,0
ORD_0009696,0,0
ORD_0007490,1,0
ORD_0003282,0,0
ORD_0000442,0,0
ORD_0002922,0,1
ORD_0005885,0,0
ORD_0000389,0,1
ORD_0004056,0,0
ORD_0002313,1,1
ORD_0008530,0,0
ORD_0008004,1,0
ORD_0002403,0,0
ORD_0009295,1,0
ORD_0008137,0,0
ORD_0004397,0,0
ORD_0000476,0,0
ORD_0008571,0,0
ORD_0000290,0,0
ORD_0007138,0,0
ORD_0007840,1,0
ORD_0000352,1,0
ORD_0007334,0,0
ORD_0000748,1,0
ORD_0001919,0,0
ORD_0003680,0,0
ORD_0009070,0,0
ORD_0008554,1,0
ORD_0008800,0,1
ORD_0003656,1,1
ORD_0001914,0,0
ORD_0009552,0,0
